|neutral|,|sim-only 500 minuten + 100 SMS + 500 MB + internet versneller vanaf  28.50  #Telfort http://t.co/eiLlmD0zPT|
|neutral|,|sim-only 150 minuten + 100 SMS + 500 MB vanaf  16.50  #Telfort http://t.co/ogHnI3TTQf|
|neutral|,|@DhrHaVoC @UPC bestel het ziggo warruor pakket ;)|
|negative|,|@MrZeeQa @UPC ja onfnie UPC, moet ik overstappen naar ziggo?!?!?|
|neutral|,|@DhrHaVoC @UPC OE KILLEM je dreigt UPC door over te stappen naar ziggo|
|neutral|,|@Fvoorschot Wat is precies aan de hand? Krijg je een sms herhaaldelijk van KPN, of blijf je zelf een bepaalde sms versturen?|
|positive|,|UPC neemt voortouw ontwikkeling wifi http://t.co/mqxWSJA9Cf|
|neutral|,|sim-only 500 minuten + 1000 SMS + 1500 MB (blackberry) vanaf  48.00  #Telfort http://t.co/eiLlmD0zPT|
|negative|,|@UPC ^RH. Mediabox herstellen naar fabrieksinstellingen heeft helaas niet geholpen. Weer na aantal uren op 1 kanaal vastloper met volume +/-|
|negative|,|Ziggo en UPC gaan NOS WK dienst niet doorgeven http://t.co/G4qCLbGbTY|
|neutral|,|Sony Ericsson Xperia arc S Black, Bel-SMS 350, 1 jaar ~  12 KPN ~ Mobiel  vanaf  0 #KPN   http://t.co/mvI8Zzo4MO|
|negative|,|@UPC ^RH Niets doet het dan nog. Zelfs niet op standbye zetten. Alleen uit zetten met aan/uitknop op mediabox zelf.|
|negative|,|RT @derots: Ziggo en UPC gaan NOS WK dienst niet doorgeven http://t.co/G4qCLbGbTY|
|neutral|,|@UPC het is denkik al goed. Het kan ook aan mijn versterker liggen. Mvg|
|neutral|,|#ziggo Even een update, hardwired maar met 1 lange CAD5 kabel (even geen CAD5E of CAD6 beschikbaar) nu... http://t.co/rf5DsYftb8 &lt;-Antw.|
|negative|,|Kost in tijd nog maar een dag, in ergernis beduidend meer. #kpn #fail Nog maar 11,5 mnd te gaan :(|
|neutral|,|sim-only 500 + Data Medium vanaf  20.00  #Tele2 http://t.co/eiLlmD0zPT|
|neutral|,|@UPC ja, ik heb nu modem van horizon geactiveerd. Nu geen wifi probleem. 20 down/6,5mb up. Lijkt toch probleem met losse modem te zijn.|
|negative|,|#tele2 Groot, onpersoonlijk, onbereikbaar? Is allemaal op @Tele2Nederland van toepassing wat mij betreft. http://t.co/AObFwwVj6s|
|neutral|,|Klant bij @upc of Ziggo en wil jij gebruik kunnen maken van de NOS WK dienst via de rode knop, kom dan in actie! http://t.co/xhjDNnR0yO|
|positive|,|@UPC nee, zit niks tussen en probleem is op alle apparaten. Dank voor het meedenken; hopelijk snel een oplossing.|
|neutral|,|sim-only 1000 minuten + 1000 MB vanaf  45.00  #Telfort http://t.co/kEu1j8HXkw|
|neutral|,|@UPC Is goed. Ik wacht het af. Prettig weekend verder.|
|neutral|,|sim-only 150 minuten + 1000 SMS + 1500 MB + internet versneller vanaf  34.00  #Telfort http://t.co/LbJU8AOlZB|
|neutral|,|RT @derots: Klant bij @upc of Ziggo en wil jij gebruik kunnen maken van de NOS WK dienst via de rode knop, kom dan in actie! http://t.co/xh|
|neutral|,|KPN Tablet 2500 MB vanaf  35.00 Mobiel Internet http://t.co/A5YAI1FrMc|
|negative|,|@UPC er is geen storing, die router van jullie is zo zwak dat ik boven al bijna geen ontvangst meer heb|
|neutral|,|sim-only 500 minuten + 500 MB + internet versneller vanaf  28.00  #Telfort http://t.co/hQ8vmGvMLi|
|neutral|,|sim-only 300 vanaf  7.00  #Tele2 http://t.co/eiLlmD0zPT|
|neutral|,|sim-only 500 minuten + 1000 SMS + 1000 MB + internet versneller vanaf  40.00  #Telfort http://t.co/ogHnI3TTQf|
|neutral|,|Gratis Jabra Chill headset, Bel-SMS 650, 2 jaar ~  24 KPN ~ Mobiel  vanaf  0 #KPN   http://t.co/UfLfJ4EmJx|
|neutral|,|Algemeen UPC neemt voortouw ontwikkeling wifi: UPC neemt voortouw ontwikkeling wifi Binnen Liberty Global neemt... http://t.co/CFgpjEEHqG|
|negative|,|@TimMassa @UPC heeft hier dagen geduurd voor we weer aangesloten waren upc monteurs en technische dienst werken in het weekend niet!!|
|neutral|,|Als u wilt weten waarom het aandeel #Ziggo het zo goed gedaan heeft, kijk eens naar de rel performance van #Liberty. https://t.co/s1lLcX3Pzq|
|neutral|,|sim-only 1000 minuten + 1500 MB + internet versneller vanaf  52.00  #Telfort http://t.co/eiLlmD0zPT|
|neutral|,|Het is weer release weekend. We zijn live! Weekend! #R20 #lpr #accenture #CRM #KPN http://t.co/JT8X9Xqvxn|
|neutral|,|Tv kijken bij UPC winkel :p|
|negative|,|Meer mensen problemen met internet van #ziggo omgeving 5011?|
|neutral|,|#PrinceNight op KX Radio succesvolle aanloop naar concert in @ZiggoDome http://t.co/EHAss1NOTv @markberendsen|
|neutral|,|Prince staat op 25 mei in de Ziggo Dome http://t.co/2fuh4e0OPX via @youtube|
|neutral|,|sim-only Alles in 1 Standaard vanaf  37.50  #KPN http://t.co/kEu1j8HXkw|
|neutral|,|Klant Adviseur voor project KPN: Hengelo,Enschede,Almelo http://t.co/TScTmH4ZTX #vacature #werk|
|positive|,|@upc top service! Dank voor het belletje. Probleem opgelost en internet doet het weer prima!|
|neutral|,|RT @KPNwebcare: @Fvoorschot Wat is precies aan de hand? Krijg je een sms herhaaldelijk van KPN, of blijf je zelf een bepaalde sms versturen?|
|neutral|,|T-Mobile lanceert binnenkort vernieuwde My T-Mobile-app http://t.co/LFrPFumG4o #nieuws #tech|
|neutral|,|RT @JensBAWZ: @kleinegrotebeer vodafone zeker ? - nee t-mobile ;s|
|positive|,|@Tele2Webcare We hebben een telfort simkaart gedurende een paar dagen getest, werkt zonder enkel probleem.|
|neutral|,|#Ziggo en #UPC gaan NOS WK dienst niet doorgeven: Sinds gister biedt de NOS bij de NOS Journaals aanvullende c... http://t.co/PxlAgYMhIF|
|neutral|,|sim-only 150 minuten + 1500 MB (blackberry) vanaf  30.00  #Telfort http://t.co/ogHnI3TTQf|
|neutral|,|sim-only 0 minuten + 100 SMS + 1500 MB vanaf  21.50  #Telfort http://t.co/LbJU8AOlZB|
|negative|,|Arch, enkele dagen geleden was het internet perfect van @UPC, maar nu.. #huilen|
|negative|,|#kpn #storing ook in provincie Utrecht?|
|negative|,|De pijnpunten van KPN's volledig Nederlandse #cloud - Computerworld http://t.co/4JiytWfDty|
|neutral|,|@ZiggoDome: @itaintoverorg: nog maar dag voor #prince in de #ziggodome http://t.co/NkS2YSkGYJ yeah!! 1e x #Ziggo veel goeds over gehoord|
|negative|,|Er is een nieuwe Klacht gemeld over Ziggo op Klacht.nl, zie http://t.co/NRcUh4I0SV Oplossen? Redactie@Klacht.nl.|
|neutral|,|sim-only 300 minuten + 1000 SMS vanaf  15.00  #Telfort http://t.co/kEu1j8HXkw|
|negative|,|@UPC M'n internet ligt er weer uit. Kreeg net een brief dat m'n snelheid naar 120 ging, maar is vooralsnog 0.|
|negative|,|@UPC Het internet is opnieuw heel traag, laadt niet en doordat de verbinding traag is, kan ik niet uploaden.|
|negative|,|@tmobile_webcare kan niet smsen naar 1400 niks komt aan en ik moet 'pas aan'. Sturen volgens de roaming site en tmobile app|
|neutral|,|@UPC Op alle apparaten, zowel mobiele telefoons als met de kabel.|
|negative|,|@ruthdevries heb net een vriend gesproken die zelf netflix verkoop in zijn winkel en KPN als provider heeft en hij heeft hetzelfde probleem|
|neutral|,|Rijd me net een nieuwe Jaguar voorbij in KPN kleuren en logo. Ben benieuwd van wie die dienstauto is?|
|negative|,|Ziggo, ik kan niet inloggen op mijn tv app op android. En wat nu?|
|positive|,|Erg blij met de service van #proassist #tmobile Display IPhone defect. Binnen uur opgehaald en omgeruild voor een leentoestel. Top service.|
|neutral|,|Alcatel OT-810 + KPN Bel - SMS 100 (100 minuten of 100 sms)  http://t.co/l4dkbXPtHO|
|neutral|,|sim-only 150 minuten + 1000 SMS + 1000 MB (blackberry) vanaf  33.00  #Telfort http://t.co/eiLlmD0zPT|
|positive|,|@UPC Nee, wij hebben alleen een modem. Dat is prima, bedankt voor de snelle service!|
|positive|,|@ZiggoWebcare inmiddels gebeld door Ziggo. E-mailadres is aangemaakt.|
|neutral|,|sim-only 200 + Data Medium vanaf  12.00  #Tele2 http://t.co/kEu1j8HXkw|
|neutral|,|#voordeel #Samsung #Galaxy S5 / Tele2 #abonnement /300 #belminuten / 1500MB #data 38,00 per maand http://t.co/2ofb4Gx972|
|negative|,|RT @judithineuropa: 'De pijnpunten van KPN's volledig Nederlandse cloud' http://t.co/nae1EcSJTH|
|neutral|,|Nu op AT5: #bureau-020 - http://t.co/Woo1BNCJlq  UPC:31/714, Ziggo:986|
|neutral|,|Vacature Verkoper gezocht op de klantenservice van KPN Contact in Enschede vanaf 20 uur - http://t.co/KjqnrcoyZz|
|neutral|,|Laatste firmware update #ziggo http://t.co/WdEHg6NH1D Het verbaast me dat er nog niemand over begonnen is. Ik kwam van de week tot de ...|
|neutral|,|LinkedInDagelijks en meer Social... is out! http://t.co/lxIw2AXqRi Stories via @KPN @incubes|
|positive|,|Leuke gasten en live muziek. Kijk vanaf 17.00 uur 'War Schagen Denkt' op Schagen TV ((Ziggo kanaal 40).|
|negative|,|Kut bereik van #kpn ..ik met mn dure Ipone moet aan iemand met wegwerp toestel maar met bereik van T-mobile vragen of ik mag bellen|
|neutral|,|RT @FlashmobLM: @ZiggoDome Is het misschien tijd om deze dames eens te verwelkomen in de ziggo? @LittleMix http://t.co/BHKlS0waxV|
|negative|,|En we bellen weer met Tele2 #mynewhobby|
|neutral|,|sim-only 300 minuten + 1000 SMS + 1500 MB + internet versneller vanaf  37.00  #Telfort http://t.co/kEu1j8HXkw|
|negative|,|Nu 2 weken @KPN maar qua bereik veel ellende.|
|negative|,|Gelukkig hoor ik meer collegas klagen over bereik van @kpn hopen dat we weer terug maar #vodafone gaan|
|neutral|,|#nieuwe #vacature:  Verkoop: Start op korte termijn als KPN Verkoper in Goes 10-32 uur / Goes / Tempo-Team #sales #VBB|
|neutral|,|Speed: Download speed 120 Mb, virusscanners en cpu #ziggo http://t.co/acKcUAH7Tn Citaat: Oorspronkelijk geplaatst door Marlene (Beric...|
|neutral|,|Zo, #UPC is aangevraagd, hopen dat het allemaal goed gaat|
|positive|,|@UPC dank voor het advies. Resetten van mijn tc7200 modem/router werkt. Chromecast doet het.|
|neutral|,|Samsung Galaxy S Plus + KPN Bel - Sms - WebXL 150 (150 minuten of 150 sms)  http://t.co/h4fiaBdhvF|
|neutral|,|Laatste firmware update: Het verbaast me dat er nog niemand over begonnen is. Ik kwam van de week tot d... http://t.co/dDsdYi6Lhu #Ziggo|
|negative|,|RT @RvBinsbergen: Direct Pay stelt namens T-Mobile vordering in met onbegrijpelijke dagvaarding. Rechter is er klaar mee. Lezen! http://t.c|
|negative|,|@Martinned81 @FrontaalNaakt idioot betuttelend dat je dan aan T-Mobile of wat ook moet gaan vragen of je dat mag zien...|
|positive|,|@UPC gisteren avond ineens... voor het eerst. Echt heel wazig. Maar goed, ik probeer wel wat. Dank voor hulp zover|
|negative|,|@DhrHaVoC @UPC mijn internet blijft maar vastlopen!!!|
|neutral|,|sim-only 500 minuten + 1000 SMS + 1500 MB + internet versneller (blackberry) vanaf  49.00  #Telfort http://t.co/LbJU8AOlZB|
|neutral|,|RT @KPN: Weet jij wie er bij jouw data kan? KPN in gesprek met politici, @Webwereld en @trouw over #CloudNL http://t.co/H5tyLSUoL1|
|negative|,|Kleine Hiawatha is verdrietig dat flesjes Hi Water worden weggegooid en zo Lake Hiawatha bedreigen. #zwerfie @KPN http://t.co/bjhICjRE8L|
|neutral|,|sim-only 100 + Blackberry Large vanaf  15.50  #Tele2 http://t.co/eiLlmD0zPT|
|neutral|,|@upc net een monteur langs gekomen om de kabels etc te vervangen van de media box - werkte het geheel weer, na een half uur. smart card fout|
|negative|,|fijn @kpn koop je 's middags een nieuwe telefoon in de primafoonwinkel, werkt hun computer niet zodat ze de sim niet kunnen activeren.|
|neutral|,|sim-only 150 minuten + 1500 MB + internet versneller (blackberry) vanaf  33.00  #Telfort http://t.co/ogHnI3TTQf|
|negative|,|en @kpn dan zeggen ze dat dat vanmiddag wel lukt en ze bellen wel wanneer het gelukt is. Ondertussen is de winkel dicht, en bellen ho maar.|
|negative|,|@UPC nu wederom geen TV. Jullie service e.d is prima, maar een oplossing blijft na weken ver weg.|
|neutral|,|RT @wmiddelkoop: Te koop tegen kostprijs 2 kaartjes Prince, zondag Ziggo .. Willem@cdfund.com #eerstkomt|
|negative|,|En op het telefoonnummer op de bon wordt gewoon niet opgenomen, beste @kpn, als de eerste de beste scamartiest.|
|neutral|,|@UPC Download is 3,19, upload 3,33. Voornaamste probleem is dat het op sommige pc's niet werkt, en de tv ook maar een paar zenders bereikt.|
|negative|,|En dan bel je 1200, lieve @kpn en dan zeggen ze dat ze niks kunnen met sims uit primafoonwinkels. wtf?|
|neutral|,|sim-only 0 minuten + 500 MB (blackberry) vanaf  15.00  #Telfort http://t.co/eiLlmD0zPT|
|negative|,|Maandag de hele boel maar eens terugbrengen naar @kpn...|
|negative|,|Studieontwijkend gedrag in de vorm van een middagje met Ziggo bellen omdat televee het niet doet. Geen verbetering.|
|neutral|,|sim-only 150 minuten vanaf  6.00  #Telfort http://t.co/hQ8vmGvMLi|
|neutral|,|HTC Wildfire S Pink icm T-Mobile Smart Plus Smart Plus 100 24 maanden vanaf  24,95 #T-Mobile   http://t.co/5TLDlTn7Lm|
|negative|,|Storing van kpn geen wifi #kpn|
|negative|,|@Benny__1973 Ligt er vast aan waar je bent. Mijn ervaring met vodafone is veel slechter dan kpn.|
|negative|,|Gaat mijn ziggo modem kapot. Op zaterdag om 17:00 uur. Gaah!!!|
|negative|,|@UPC geens normaal voetbal kijken|
|neutral|,|sim-only 700 + SMS Onbeperkt + Data Medium vanaf  34.00  #Tele2 http://t.co/kEu1j8HXkw|
|neutral|,|@UPC Dat was via de kabel. Via wifi is het gek genoeg sneller: download 10,61 en upload 6,16.|
|neutral|,|Vanaf nu op Schagen TV Ziggo kanaal 40. http://t.co/tqJ1W7UOUz|
|neutral|,|@UPC Hoi, ik heb een Alles-in-1 Power pakket abonnement maar ik krijg geen "MyPrime". Moet ik mijn abonnement wijzigen?  Kun jij me helpen?|
|neutral|,|sim-only 1000 minuten + 1000 SMS + 1500 MB (blackberry) vanaf  63.00  #Telfort http://t.co/ogHnI3TTQf|
|negative|,|@UPC wat u kan doen is mijn huidige modem met slecht werkend wifi vervangen. Bvd.,|
|neutral|,|sim-only 0 minuten + 1500 MB (blackberry) vanaf  25.00  #Telfort http://t.co/kEu1j8HXkw|
|neutral|,|sim-only 1000 minuten + 1000 SMS + 500 MB vanaf  48.00  #Telfort http://t.co/eiLlmD0zPT|
|positive|,|Hop! Twee mobiele abonnementen overgezet naar Ziggo Mobiel. Scheelt even 45 Euro per maand. #kunjeleukedingenvandoen|
|neutral|,|RT @SchagenFM: Vanaf nu op Schagen TV Ziggo kanaal 40. http://t.co/tqJ1W7UOUz|
|neutral|,|sim-only 150 minuten + 1000 MB vanaf  20.00  #Telfort http://t.co/LbJU8AOlZB|
|negative|,|@UPC 2024gl huisnummer 8 geen telefoon en Internet.!! Graag antwoord|
|neutral|,|sim-only 300 minuten + 1000 SMS + 1000 MB + internet versneller vanaf  27.00  #Telfort http://t.co/ogHnI3TTQf|
|neutral|,|sim-only 0 minuten + 100 SMS + 1000 MB + internet versneller vanaf  18.50  #Telfort http://t.co/hQ8vmGvMLi|
|neutral|,|sim-only 100 + SMS Onbeperkt + Blackberry Small vanaf  15.00  #Tele2 http://t.co/LbJU8AOlZB|
|neutral|,|@UPC de andere zenders zijn perfect alleen eredivisie 2 niet met de wedstrijd om promotie|
|negative|,|@UPC ja doet het nu weer , wel al 2 wkn slecht televisie vaak geen signaal|
|neutral|,|@UPC ja klopt discovery sbs rtvnh verder weet ik het niet rtl soms blokkerig beeld|
|neutral|,|@UPC het gaat om 1 zender|
|neutral|,|I HUST WOEK UPC http://t.co/MVjH0h5rOb|
|neutral|,|sim-only 0 minuten + 1000 SMS + 500 MB + internet versneller (blackberry) vanaf  24.00  #Telfort http://t.co/LbJU8AOlZB|
|neutral|,|sim-only 500 minuten + 100 SMS + 500 MB + internet versneller vanaf  28.50  #Telfort http://t.co/hQ8vmGvMLi|
|neutral|,|Oproep: Aansluiten Samsung SMT-C7140A op home cinema #ziggo http://t.co/La0OFyTEwH Wie kan mij vertellen hoe ik de Samsung SMT-C7140A ...|
|neutral|,|sim-only 0 minuten + 1500 MB vanaf  20.00  #Telfort http://t.co/ogHnI3TTQf|
|neutral|,|#ziggo Wat je kunt proberen is om alle beveiliging in het modem uit te zetten. Normaliter is uPNP voor... http://t.co/HTni7XTETH &lt;-Antw.|
|positive|,|Prijsuitreiking @ziggo voetbal toernooi.  Geslaagde dag! http://t.co/O8qriIHP88|
|positive|,|Heauuyy @upc werkt weer|
|neutral|,|@ZiggoWebcare speedtest van ziggo.. 59mbit.. heb mijn gegevens doorgestuurd via DM|
|neutral|,|sim-only 500 minuten + 500 MB (blackberry) vanaf  31.00  #Telfort http://t.co/hQ8vmGvMLi|
|neutral|,|@ger_bosch Krijg je een bepaalde foutmelding te zien? Op alle apparaten? Volg eens: http://t.co/2OJiEGYabk ^JL|
|positive|,|@UPC Dat klopt! De benedenverdieping is voorzien van internet. De bovenverdieping is sneller dan het eerst was. Top! Bedankt! :D|
|negative|,|@UPC alleen laatste 2 wkn last daarvoor nooit omdat ik ook dure coax kabels heb aangeschaft , Internet vaak onstabiel laatste 2 wkn.|
|negative|,|Zware fail van #tmobile en #phonehouse @Phonehouse Helpt iemand naar huis sturen voor de pukcode, pukcode opvragen, onjuist!|
|positive|,|@UPC Bedankt voor de snelle service! Fijn weekend!|
|neutral|,|Nu op AT5: #het-verhoor - http://t.co/Woo1BNCJlq  UPC:31/714, Ziggo:986|
|neutral|,|@UPC Hoe kan het dat (vooral) mijn uploadsnelheid de laatste tijd zeer zeer traag is? (1,3mb) Postcode 8255KP|
|neutral|,|#kpn Vandaag onze nieuwe tv ontvangers gekregen en aan de  slag en ja hoor beneden is het gelukt maar nu op de... http://t.co/vRLAc35L9L|
|neutral|,|@Linchen05 haha leuk. Nou ik ben ff gezellig naar de stad geweest, moest ff naar telfort en boodschappen gedaan. En nu aan het simsen|
|neutral|,|Alcatel OT-810 + KPN Bel - SMS 100 (100 minuten of 100 sms)  http://t.co/mSXVvxkCHI|
|neutral|,|#korting #Gratis #Samsung Galaxy S4 Mini icm Tele2 Actiebundel 200  500MB databundel voor  20,00 per maand http://t.co/FWz2SVgh98|
|neutral|,|RT @KPN: Weet jij wie er bij jouw data kan? KPN in gesprek met politici, @Webwereld en @trouw over #CloudNL http://t.co/H5tyLSUoL1|
|positive|,|RT @johnvanvianen: Voor veiligheid in de cloud blijkt cloudNL van #KPN het beste alternatief    http://t.co/mLi3Pzskai|
|neutral|,|@tmobile_webcare dat dacht ik ook, maar my t-mobile zegt iets anders http://t.co/PaCnAG2jQw|
|neutral|,|Oproep: Aansluiten Samsung SMT-C7140A op home cinema: Wie kan mij vertellen hoe ik de Samsung SMT-C7140... http://t.co/6YwfdddJ4S #Ziggo|
|positive|,|Heerlijk weertje hier #limburg #wijn 3landenpunt geweest leuk al die smsjes van T-mobile  welkom in DE, BE oohh nee NL |
|neutral|,|Hatsjoe @JacquelineWxxx: @Amerkies @J_Dijsselbloem KPN-bieder Carlos Slim: Quote -&amp;gt;Vijandige overname? http://t.co/J6wJdckgwR|
|neutral|,|Omw to tmobile |
|neutral|,|sim-only 500 + Data Medium vanaf  21.00  #Tele2 http://t.co/eiLlmD0zPT|
|neutral|,|Nu op AT5: #at5-nieuws - http://t.co/Woo1BNCJlq  UPC:31/714, Ziggo:986, Digitenne:25|
|neutral|,|sim-only 300 minuten + 1500 MB + internet versneller vanaf  30.00  #Telfort http://t.co/hQ8vmGvMLi|
|negative|,|Eerste #tmobile abonnement beindigd. Waar een slechte winkelmanager al niet goed voor is. #arnhem.|
|neutral|,|Er staat ons nog veel te wachten: KPN-topman: uiterlijk in 2016 al 4 tot 10 keer sneller 4G via @BesteProduct http://t.co/1xV0AS170x|
|neutral|,|#Vacature Klantcontactmedewerker in #Groningen - KPN Contact afdeling klantbehoud #Fulltime #MBO Zie: http://t.co/v5WWarq4zL|
|neutral|,|Nokia C2-01 Black, Bel-SMS 275, 2 jaar ~  24 KPN ~ Mobiel  vanaf  0 #KPN   http://t.co/hPfzZ0Xun1|
|neutral|,|sim-only 700 + SMS Onbeperkt + Blackberry Small vanaf  33.00  #Tele2 http://t.co/ogHnI3TTQf|
|neutral|,|sim-only 0 minuten + 1000 SMS + 1500 MB vanaf  27.00  #Telfort http://t.co/eiLlmD0zPT|
|neutral|,|sim-only 0 minuten + 100 SMS + 1500 MB + internet versneller vanaf  23.50  #Telfort http://t.co/hQ8vmGvMLi|
|negative|,|Tell me waarom heb ik geen internet, ziggo ??|
|negative|,|@Robinn__x :Tell me waarom heb ik geen internet, ziggo ??// ik heb ook ziggo internet valt steeds weg :(|
|negative|,|Beetje jammer dat het netwerk van t- mobile steeds slechter word #tmobile #ergenis|
|neutral|,|Nu op AT5: #straten-van-amsterdam - http://t.co/Woo1BNCJlq  UPC:31/714, Ziggo:986, Digitenne:25|
|negative|,|Upc is egt een kk bedrijf|
|negative|,|RT @ajoshua19: Storing van kpn geen wifi #kpn|
|negative|,|Upc is egt een kk berijf nooit werkt die shit een keer goed|
|negative|,|Wtf ik heb geen internet meer #wifi #kpn|
|negative|,|Haha, #tmobile doet aan klantenservice. #visualvoicemail faalt zoals gewoonlijk. @TMobile http://t.co/tU6LV9oEDQ|
|negative|,|@_yashaaaa . Tmobile sucks |
|neutral|,|sim-only Budget 150 vanaf  15.00  #KPN http://t.co/eiLlmD0zPT|
|neutral|,|@ietsist Dit kan via ons contactformulier: http://t.co/EgFQNNc9B9 Ook kan je ons op facebook een bericht sturen: http://t.co/nyPr6aGNxm ^JL|
|negative|,|Weer geen internet van #upc. Zowel vast als Wi-Fi doen niks. Wanneer gaan jullie nou eens iets doen aan de kwaliteit van jullie services.|
|neutral|,|dus het mileywood shirt word 21juni niey verkochtt :(  Jawel 22 juni wordt hij verkocht bij het ziggo dome! http://t.co/Wo1SR5yZX3|
|neutral|,|@UPC de films en series op MyPrime zijn niet Ned. Ondertiteld? Moet ik iets aan de instellingen doen?|
|neutral|,|sim-only 300 minuten + 500 MB vanaf  15.00  #Telfort http://t.co/ogHnI3TTQf|
|negative|,|@UPC Hallo alles werkte perfect na de terugkoppeling dat de monteurs bezig waren maar nu ligt het Internet er weer uit|
|neutral|,|RT @EredivisieMemes: Telecombedrijf Ziggo in de maling genomen na het verlies van Ajax #pecaja http://t.co/1dPqKL4K70|
|neutral|,|@UPC doe maar na het weekend. En als het goed is hebben jullie ook mijn mobiele nummer, die mag je als bgg nr gebruiken.|
|negative|,|Boodschap KPN. Kinderen verarmen je leven, maar met 'begin gemist' is dat geen probleem.. Lijkt me toch echt tegenovergesteld...|
|negative|,|Je kinderen een verhaal voorlezen is niet leuk Op de bank voor de tv vegeteren is wel leuk Boodschap #kpn|
|neutral|,|Nog een paar uur tot ht concert in Lyon! Over 29 dagen zal het plein voor het ziggo dome er ok zo uitzien ^^ #Bangerz http://t.co/eUDh7j8szm|
|neutral|,|@pinty_nl @kevinvanschie Dat kan kloppen, Ziggo heeft zelf een en ander in het netwerk veranderd. Hierdoor RTL 5 niet meer storingsgevoelig.|
|negative|,|#storing #netflix #ziggo   hoe zit het met de storing van netflix, al 2 dagen nix.... #refundnetflix|
|positive|,|@MediaZooNL @pinty_nl ziggo monteur heeft het gefixt bij mij. Was iets mis met de hoofdaansluiting. Werkt nu weer prima!|
|neutral|,|@UPC , onze wifi doet het weer eens niet. Al meerdere dagen. Al vaker uit/aan gezet. Dit is nu al de zoveelste keer! Help|
|neutral|,|sim-only 500 minuten + 100 SMS vanaf  16.50  #Telfort http://t.co/ogHnI3TTQf|
|neutral|,|#Vacature Per direct aan de slag als sales topper KPN Oss voor 20uur in #Oss - KPN winkel Oss #Parttime #MBO Zie: http://t.co/6yqrtQIA26|
|neutral|,|#Vacature Per direct: Callcentermedewerker sales, 24-40 uur Enschede in #Enschede - KPN Contact Enschede #Full... http://t.co/lX6UL7X73V|
|negative|,|Overgestapt naar #kpn ben nog niet blij, koppelen van producten mijn kpn werkt niet @KPNwebcare hellup!!|
|positive|,|RT @Versteegen: Ovatie voor Team NL Powered by @KPN @Ireenw @SvenKramer86 @jorientermors LottevBeek @verweijkoen #kpnstrategie2014 http://t|
|negative|,|@UPC KUT internet alweer|
|neutral|,|RT @MileySourceNL: Nog een paar uur tot ht concert in Lyon! Over 29 dagen zal het plein voor het ziggo dome er ok zo uitzien ^^ #Bangerz ht|
|neutral|,|@UPC nu ook heel mooi groen en dan blauw beeld... http://t.co/Qo4C9CczvF|
|negative|,|@UPC help! oppas op 4 kinderen, we wilden graag een film kijken via On Demand, maar werkt niet.. :(|
|neutral|,|Nu op AT5: #amsterdam-nl-tv - http://t.co/Woo1BNCJlq  UPC:31/714, Ziggo:986, Digitenne:25|
|neutral|,|@UPC upc ik heb een vraag ik heb een horizon media box waar alle internet verbinding vanaf lopen maar de helft van die internet [1/3]|
|neutral|,|@UPC verbindingen zitten beneden  is het dan geen mogelijk hijd om en 2e horizon box tekrijgen waar dan ook internet verbindingen vanaf[2/3]|
|negative|,|Duurde 5 minuten deze tweet te plaatsen #UPC download snelheid? 1,7 MB per seconde. betaal voor 120 MB|
|neutral|,|@UPC lopen  groeten richard[3/3]|
|neutral|,|@Telfort hoe kan ik mijn 2-jarige contract eerder stopzetten? (eind: 19-10-2014)|
|neutral|,|Nu op AT5: #wereldstad - http://t.co/Woo1BNCJlq  UPC:31/714, Ziggo:986, Digitenne:25|
|neutral|,|Koop ik een iphone 5s flipcover van 29.95, blijkt hij bij de kassa 17.99. Heerlijk toch. Dank aan #kpn|
|negative|,|T-mobile service is echt zo slecht en waar ze die repareren ook zo slecht zegge dat ik expres mijn scherm kapot maak|
|negative|,|@Telfort al dagen last van haperend beeld, via glasvezel. Amino is direct met utp kabel verboden. Krijg geen reactie op het forum.|
|neutral|,|@ZiggoWebcare ik heb een maand geleden jullie aanbod van 3 maanden sport 1 voor 5 euro/maand genomen. Via mijn ziggo heb ik aangegeven (1/2)|
|neutral|,|Nu op AT5: #in-de-stad - http://t.co/Woo1BNCJlq  UPC:31/714, Ziggo:986, Digitenne:25|
|negative|,|@ZiggoWebcare ik probeer Ziggo telefonisch te bereiken, maar krijg gesloten te horen. Op site staat anders.. http://t.co/oFnHZjWwDe|
|negative|,|@eenjurk zeg me alsjeblieft dat de programmagids van UPC niet klopt Geen #ZaterdagavondJURK vanavond?!?! #neeeee dat kan echt niet!!|
|positive|,|The Eagles waren gisteravond zeer goed in de Ziggo Dome! We hebben genoten van heerlijke muziek gemaakt door uitstekende musici|
|negative|,|Fijn advies van #Ziggo je mag gratis bellen met je vaste lijn (die het niet doet) of kijken op ziggo.nl (zonder internet) #fail|
|neutral|,|@ZiggoWebcare Verkoper bij Ziggo servicepunt heeft voor ons een 4de smartcard geactiveerd. Is dit goed gegaan? Hebben nl nog geen beeld.|
|positive|,|@vodafoneNL_pr is toch klantvriendelijker dan ik dacht, Gister hebben ze mijn abbo. helpen beindigen YES Op naar KPN eindelijk ontvangst|
|neutral|,|@karinp28 @KPNwebcare pff ik of kpn ;)|
|neutral|,|@Telfort vandaag helaas niet, is aankomende vrijdag een optie?|
|positive|,|Ge.ni.aal. #KPN begin gemist|
|neutral|,|'Verkoop van KPN-dochter E-Plus stap dichterbij' http://t.co/tOtL9kQBjD|
|negative|,|[open] Storing Arhem - Internet van XS4ALL / Business DSL / ADSL van KPN http://t.co/iIqPN6RDSy|
|negative|,|[open] Storing Arhem  Internet van XS4ALL / Business DSL / ADSL van KPN http://t.co/ShYIbS9BPo #xs4allkpn|
|neutral|,|RT @MileySourceNL: Nog een paar uur tot ht concert in Lyon! Over 29 dagen zal het plein voor het ziggo dome er ok zo uitzien ^^ #Bangerz ht|
|neutral|,|RT @dft: 'Verkoop van KPN-dochter E-Plus stap dichterbij' http://t.co/tOtL9kQBjD|
|negative|,|RT @XS4ALL_Forum: [open] Storing Arhem - Internet van XS4ALL / Business DSL / ADSL van KPN http://t.co/iIqPN6RDSy|
|neutral|,|digi 'Verkoop KPN-dochter E-Plus stap dichterbij' De Europese Commissie neemt obstakels weg die de verkoop door KPN http://t.co/C2CAH40WNW|
|negative|,|@UPC Nog een vraag. Sinds ik de Horizon box gebruik, heb ik problemen met sommige kleuren (zie foto). Heb geen HDTV. http://t.co/3XyFXL6Zzo|
|neutral|,|'Verkoop KPN-dochter E-Plus stap dichterbij' http://t.co/wXbS7VudSd|
|neutral|,|Onderhoud KPN fiber provincies Utrecht, Noord-Holland, Noord-Brabant en Overijssel 28-05-2014 - http://t.co/iJpfNHoMOf|
|neutral|,|Onderhoud KPN fiber provincies Gelderland en Utrecht 28-05-2014 - http://t.co/YBUkM5BCif|
|neutral|,|@UPC Gaat met name om dingen waar zonlicht op schijnt, en de lucht.|
|neutral|,|@mvolder @pvdmeersch haha zal wel toevallig had ik gisteren een tweet gestuurd en KPN reageerde daarop: 1/2|
|negative|,|Nee hoor Ziggo 't is niet erg dat jullie zo intens hard lopen te kloten, neejoh, ik wilde toch al geen intenet|
|negative|,|Nee hoor Ziggo 't is niet erg dat jullie zo intens hard lopen te kloten, neejoh, ik wilde toch al geen internet|
|neutral|,|#Beurs 'Verkoop KPN-dochter E-Plus stap dichterbij' http://t.co/zmbTpjBoha|
|negative|,|@upc video on demand hapert dienst. Ik krijg alleen een vervormd beeld en geluid. Helaas wel betaald voor de film :-( http://t.co/xzWVaW5YQg|
|neutral|,|Davis Cup play-offs: Nederland speelt in Ziggo Dome tegen Kroati http://t.co/qpyz0zhL7u http://t.co/mUmye16gan|
|neutral|,|@Hi_Webcare als ik mijn abonnement nu verhoog, blijf dit nummer dan onderdeel van KPN Compleet. Maw wordt de snelheid dan wederom verdubbelt|
|negative|,|[open] Storing Arhem - Internet van XS4ALL / Business DSL / ADSL van KPN: gemeld door Ysbrand op 24-05-2014, 1... http://t.co/9Z6OMAFzGj|
|neutral|,|#ziggo MisterSenseo schreef: Okee, wil je als test de draaisplitter verwijderen uit de WCD en je modem... http://t.co/fu3M6kfGkx &lt;-Antw.|
|neutral|,|#ziggo Uhm.............is hij ook daadwerkelijk geheel gestart en heb je ook internet ? De waardes zij... http://t.co/g3dJ1PmhLv &lt;-Antw.|
|neutral|,|#ziggo MisterSenseo schreef: Uhm.............is hij ook daadwerkelijk geheel gestart en heb je ook int... http://t.co/d12cRTTUnY &lt;-Antw.|
|neutral|,|sim-only 1000 minuten + 100 SMS + 1000 MB (blackberry) vanaf  52.50  #Telfort http://t.co/hQ8vmGvMLi|
|positive|,|Mooie felicitatie van onze klant KPN, chup, chup, chup! Dank! @jarnostolk http://t.co/di8yO863y2|
|neutral|,|Is #telfort een dochteronderneming van #kpn? Wat is  het verschil cq link tussen beiden? Kan iemand @kpn of @Telfort hierop antwoord geven?|
|positive|,|RT @MindshareNL: Mooie felicitatie van onze klant KPN, chup, chup, chup! Dank! @jarnostolk http://t.co/di8yO863y2|
|positive|,|T-Mobile compenseert onterechte inflatiecorrectie http://t.co/6adeD37EPH #vacatures #nieuws|
|negative|,|@NS_online Niet echt, behalve klachten doorgeven aan #tmobile die tot nu toe op geen enkel signaal hierover reageert...|
|neutral|,|De @ismedagni kpn drag race wonosari?|
|positive|,|@guidokok volgens mij doen een aantal grote bedrijven zoals @Coolblue_NL, @tmobile en @37signals dit best aardig.|
|neutral|,|sim-only 500 minuten + 100 SMS + 500 MB + internet versneller (blackberry) vanaf  34.50  #Telfort http://t.co/kEu1j8HXkw|
|positive|,|Twee kaartjes gewonnen voor colors of one morgennacht in het ziggo dome. Wie wilt er mee? http://t.co/55s7dsJR2k|
|neutral|,|#Vacature Verkoopmedewerker KPN XL winkel in #Rijswijk - KPN XL winkel #Parttime #MBO Zie: http://t.co/XhUFqV9FsP|
|neutral|,|#Vacature Parttime verkoper bij KPN in Den Haag in #Denhaag - KPN winkel #Parttime #MBO Zie: http://t.co/TPL8Wp4WX9|
|negative|,|@UPC : in #Wageningen #Noordwest wordt sinds 14:25u een storing geconstateerd in analoge ontvangst van radio en tv. Graag actie !|
|neutral|,|Er is een nieuwe Klacht gemeld over KPN Vaste Telefonie op Klacht.nl, zie http://t.co/tGXrKh3DW4 Oplossen? Redactie@Klacht.nl.|
|neutral|,|4 Pharrell Williams kaarten over (sept.2014 Ziggo Dome Amsterdam) Euro 67,55 p/s|
|neutral|,|Bij Ziggo staat de klant voorop. Dus hebben ze jou nodig: de beste procesmanager Customer Services: http://t.co/7FWMALkOx0 #vacature|
|neutral|,|sim-only Superkoopje 300+100+1000 vanaf  18.50  #Telfort http://t.co/LbJU8AOlZB|
|neutral|,|sim-only 100 + Blackberry Large vanaf  15.50  #Tele2 http://t.co/kEu1j8HXkw|
|neutral|,|RT @VosLibert: Nieuwe case op onze website - Ziggo Experience in MediaMarkt en Saturn. http://t.co/Gkg4G1iAYg|
|neutral|,|@Petervanrensch Telfort is een dochterbedrijf van KPN en ook een aanbieder van mobiele telefonie, internet, i-tv en vaste telefonie &gt;|
|neutral|,|@Gemeente_Hoorn bedank voor het uitzoeken, ga dit bij de Kpn melden|
|negative|,|@JFvanderAa @Tele2 sinds gister abo bij tele2 en nu al buik meer dan vol van.|
|negative|,|@UPC Verstuurd. Net weer even kort geen internet gehad.|
|negative|,|Alleen ned1 beeld #ziggo http://t.co/0eE5x3f8NS Ik krijg de melding ' kan geen ci-services weergeven. Ontvang alleen ned1. Module zit e...|
|neutral|,|Entropia Digital koopt landelijk semafonienetwerk van KPN. Meer info op de website van Entropia: http://t.co/zUrXFva7Cg #semafonie #KPN|
|negative|,|@UPC wat is er aan de hand met #signaal #wageningen @ErikFonteijn|
|negative|,|RT @carryonthemove: Bah! storing #upc @1107 #020zo vervelend als je business van internet afhangt http://t.co/4Bc6XLeHlL|
|positive|,|Goed bezig, daar bij @UPC! Top klantenservice en maatwerk internettest bij mij thuis http://t.co/bN7lCfgqVI|
|neutral|,|sim-only 1000 minuten + 100 SMS + 1000 MB + internet versneller vanaf  48.50  #Telfort http://t.co/eiLlmD0zPT|
|negative|,|@Cindy11372 @VeronicaMag het was zo een irritant ding van de KPN, die je amper weg kan klikken. Uiteindelijk is het dan toch gelukt :-)|
|positive|,|@UPC jazeker! ik heb de eerste twee seizoenen helemaal gekeken! Kan niet wachten op het 3e seizoen! #BesteStukje|
|neutral|,|@UPC rond 4 uur|
|neutral|,|sim-only 700 + Data Medium vanaf  29.00  #Tele2 http://t.co/kEu1j8HXkw|
|positive|,|RT @MindshareNL: Mooie felicitatie van onze klant KPN, chup, chup, chup! Dank! @jarnostolk http://t.co/di8yO863y2|
|neutral|,|@Howslive Zeker. Op https://t.co/FHMMQ96MOx vind je de kosten. Groet, ^BM|
|neutral|,|RT @KPN: Ga jij dit pinksterweekend naar het @pinkpopfest? Ook @Hi is erbij, lees hier waarom: http://t.co/STj7FJjlL4 #PP14 http://t.co/Pc0|
|neutral|,|#korting #Gratis #Samsung Galaxy S4 Mini icm Tele2 Actiebundel 200  500MB databundel voor  20,00 per maand http://t.co/FWz2SVgh98|
|neutral|,|sim-only 300 minuten + 1500 MB + internet versneller vanaf  30.00  #Telfort http://t.co/hQ8vmGvMLi|
|neutral|,|sim-only 400 minuten + 1500 MB vanaf  29.00  #Telfort http://t.co/ogHnI3TTQf|
|negative|,|@vpiersma @UPC  ik zie op de site storing. http://t.co/Lpu1vvE12p|
|negative|,|Ook in het centrum RT @WageningenWest: @UPC : in #Wageningen wordt sinds 14:25u een storing geconstateerd in analoge ontvangst van radio&amp;tv|
|negative|,|Vanavond is kijken wat voor service @TMobile voor service bied word gek van me telefoon|
|positive|,|Het aandeel Koninklijke KPN is momenteel de grootste stijger op de #AEX met 3.96%. Lees meer op http://t.co/z9kfmqXsRR|
|positive|,|T-Mobile selfserviceforum helpt 400.000 klanten per maand #customerservice #selfservice http://t.co/kfp2VS9LOk|
|neutral|,|sim-only 100 + SMS Onbeperkt vanaf  8.00  #Tele2 http://t.co/eiLlmD0zPT|
|positive|,|@UPC True Blood. Mijn favo serie, moeilijk kiezen! Bill of Eric ;) &gt; "Invite me in" https://t.co/8Fuvs7pqWi #BesteStukje|
|neutral|,|Ben je gedreven, energiek n bereid om tot het uiterste te gaan?! #Inkoper, #Inkoop, #Purchase #Tele2 http://t.co/sRcpBH8PyV|
|neutral|,|HTC Rhyme + T-Mobile Flex Zakelijk Flex 75 (830) Beltegoed maar liefst 12 maanden houdbaar!  http://t.co/m9p4t1PC7u|
|negative|,|@MD_Webcare Gisteravond was het rommel. Wat is er mis met het netwerk van Ziggo? Graag in detail.|
|neutral|,|De pitches zijn begonnen! Het traineeteam van @KPN trapt af en laat hun game changer aan de vakjury zien. http://t.co/ePMyoCLaNx|
|negative|,|Zou T-Mobile een hekel aan Brabant hebben? Zo gauw ik met trein bij D. Bosch/zuidelijker ben, werkt zowel WiFi als mobiel internet niet meer|
|neutral|,|Samsung Galaxy Mini + T-Mobile Flex Zakelijk Flex 30 (240) Beltegoed maar liefst 12 maanden houdbaar!  http://t.co/oVs9RyD9TC|
|positive|,|@Amarinsje Wij willen helpen. Wij zijn echter T-Mobile USA. U zult willen bereiken @TMobile_NL voor hulp. ^LM|
|neutral|,|Heb je nog een nieuwe telefoon nodig? Dan hebben wij een knallende aanbieding voor je: IPhone 5C icm Telfort abonnement voor slechts 25 p/m|
|neutral|,|@Cow_Sexs ervan kpn ke medn|
|neutral|,|#KPN is de Intermediair Favoriete Werkgever in de telecom branche geworden. http://t.co/mlTDosEDYP|
|neutral|,|sim-only 400 minuten + 500 MB + internet versneller (blackberry) vanaf  27.00  #Telfort http://t.co/ogHnI3TTQf|
|neutral|,|#Vacature Assistent bedrijfsleider in de regio Rotterdam in #Rotterdam - KPN winkel #Parttime #MBO Zie: http://t.co/R4PyrU0CJj|
|neutral|,|#Vacature Callcentermedewerker KPN Enschede in #Enschede - KPN Contact #Parttime #HBO Zie: http://t.co/Jz3uuPTuuY|
|neutral|,|@pjdeboer of er wat 'mis' is, is niet duidelijk. I.z.m. Ziggo zijn we dit aan het onderzoeken en jij (1/2)|
|negative|,|Sorry klanten maar wederom valt onze telefoon/voicelijn weg. Het kan zijn dat we daardoor niet bereikbaar zijn. Wederom dank @KPN #not|
|negative|,|@vodafoneNL sjongejonge is het niet een bestelling of gearfit aanvraag die 80x verkeerd gaat, blijk ik nu niet bereikbaar voor kpn bellers.|
|negative|,|RT @SlijterijMichel: Sorry klanten maar wederom valt onze telefoon/voicelijn weg. Het kan zijn dat we daardoor niet bereikbaar zijn. Wedero|
|negative|,|Service is bij @KPN @KPNzakelijk niet verkrijgbaar! Naar mobiel bellen kunnen ze niet, s'avonds ook niet, dus zeggen ze maar 1/2|
|neutral|,|@UPC De scene waarin ze #parfum maken ;) https://t.co/QKvnjKh2f6 Perfume: The story of a murderer, Distillation Scene  #BesteStukje|
|negative|,|dat ze de klacht niet behandelen! en dat na 5 weken wachten! @KPN @KPNzakelijk 2/2|
|positive|,|RT @CustomerTalk: T-Mobile selfserviceforum helpt 400.000 klanten per maand #customerservice #selfservice http://t.co/kfp2VS9LOk|
|neutral|,|#nieuw #vacature: Solution Sales Manager Government &amp;amp; Education / Zoetermeer / KPN #VBB #sales http://t.co/PM6OvXoScP|
|negative|,|En maar wachten op oplossing om twee decoders te activeren. Quote van tele2 manager "wij doen er alles aan om te zorgen dat je een.|
|neutral|,|@UPC kan ik ook suggesties doen voor films via myprime of on demand? #dtv|
|negative|,|@KPN @TMobile_NL @vodafoneNL wat gaan we hier nu eens aan doen??? http://t.co/1ArS0aYunu|
|positive|,|Nog 4 dagen en dan weg bij vodafone=) naar kpn die wel volledige dekking geeft voor het geld.|
|negative|,|RT @zbebenhaezer: Service is bij @KPN @KPNzakelijk niet verkrijgbaar! Naar mobiel bellen kunnen ze niet, s'avonds ook niet, dus zeggen ze m|
|negative|,|RT @zbebenhaezer: dat ze de klacht niet behandelen! en dat na 5 weken wachten! @KPN @KPNzakelijk 2/2|
|negative|,|Beste @Telfort we zijn inmiddels 2 dagen(!!!) verder en ik heb nog steeds geen enkele reactie op mijn twitterbericht ontvangen.|
|neutral|,|sim-only 300 minuten + 1000 MB (blackberry) vanaf  27.00  #Telfort http://t.co/kEu1j8HXkw|
|neutral|,|sim-only 400 minuten + 500 MB (blackberry) vanaf  25.00  #Telfort http://t.co/eiLlmD0zPT|
|neutral|,|sim-only 400 minuten + 1000 MB vanaf  24.00  #Telfort http://t.co/ogHnI3TTQf|
|negative|,|Leuk die @amp_logistics. Kwamen gisteren niet opdagen voor levering Milou haar @TMobile iPhone. Komen ze vandaag als ik op WC zit. Te laat!|
|neutral|,|Wie interviewde wie? Nico Haasbroek @openrotterdam en Winnie Roseval in gesprek. 18u UPC kanaal 31,elk uur herhaling http://t.co/xxAZCpI72i|
|neutral|,|Achter het Netwerk: 'Voor elke klant een oplossing' http://t.co/QHxJSuSZrw via @kpn|
|negative|,|@UPC @ErikFonteijn ja me dochter wilt #jimjam kijken en beter nu dan volgende week vrijdagavond rond 9 uur|
|negative|,|@ZiggoWebcare Worden bij een downgrade van Plus &gt; Basis ook wifi instellingen van Ziggo/Ubee router aangepast? Wifi bereik en snelheid drama|
|negative|,|Wat 'n prutsers bij @Telfort! Mn vader heeft een maand geleden een nieuwe simkaart besteld en tot op heden niets ontvangen. #slecht #telfort|
|negative|,|@Tele2Webcare webcare en maar wachten tot 2 decoders zijn geactiveerd. Quote van tele2 manager " we doen er alles aan om ervoor te zorgen|
|neutral|,|@ssteenbakkers  Wij willen helpen. Wij zijn echter T-Mobile USA. U zult willen bereiken @TMobile_NL voor hulp. ^LM|
|neutral|,|#Tele2 krijgt een mooie 7.0 op #Preferenso.nl http://t.co/y09pNu0SKX|
|neutral|,|#Telfort krijgt een mooie 7.0 op #Preferenso.nl http://t.co/G0olf808FF|
|neutral|,|#Ziggo krijgt een alarmerende 2.0 op #Preferenso.nl http://t.co/vtYVEDCj4A|
|neutral|,|Mijn ma be like: owh upc?boeit me niet !owh verzekering?  Boeit me niet ! Owh school van roberto? Lekker open maken http://t.co/SgCTrhrZuQ|
|neutral|,|#ZIGGO heeft op vrijdag 6 juni 2014 11:58 met een koers van 34,00 het VG20 neerwaarts doorbroken http://t.co/oso9ePvrvu #beurs|
|neutral|,|#ZIGGO heeft op vrijdag 6 juni 2014 11:58 met een koers van 34,00 het VG20 neerwaarts doorbroken #beurs|
|positive|,|RT @Patrick_Bos: Ik wil graag even zeggen dat ik zelden tot nooit problemen heb met #ZIggo werkt als een zonnetje. #magookweleensgezegdword|
|neutral|,|RT @MidgetGolf010: Wie interviewde wie? Nico Haasbroek @openrotterdam en Winnie Roseval in gesprek. 18u UPC kanaal 31,elk uur herhaling htt|
|negative|,|@UPC Anne is mijn vriendin? Het was een grapje, oke, ja doei.|
|neutral|,|Oei. Dat gaan KPN en Vodafone niet leuk vinden. #newhires #traineeship|
|negative|,|@margabult Eindelijk een hoorzitting over berijkbaarheid in de grensstreek met #112 @KPN @vodafone @TMobile @Ben Dus @LodewijkA @APechtold|
|neutral|,|sim-only 0 minuten + 1000 SMS + 1500 MB vanaf  27.00  #Telfort http://t.co/hQ8vmGvMLi|
|neutral|,|#nieuwe #vacature:  Solution Sales Manager Government &amp;amp; Education / Zoetermeer / KPN #sales #VBB http://t.co/Ll79xUc29z|
|neutral|,|@UPC Dat was niet grappig bedoeld.|
|neutral|,|@bobvdhaar Maken jullie beide gebruik van een abonnement van KPN? Zo ja, dan ontvang ik graag de nummers, postcode en huisnummer in DM.|
|neutral|,|RT @fwvacatures: Bij Ziggo staat de klant voorop. Dus hebben ze jou nodig: de beste procesmanager Customer Services: http://t.co/7FWMALkOx0|
|neutral|,|@pjhalma Hoi PJ, dealers mogen afwijken van de prijzen net zo als T-Mobile ook regelmatig crazy aanbiedingen heeft. Wanneer je van de koop|
|neutral|,|@Telfort Kan ik straks tijdens t WK 's ochtends om 05.30 de hele wedstrijd van 12u snachts nog bekijken, met Interactieve TV?|
|positive|,|@vodafoneNL Zit in een bespreking maar nu opeens komen alle berichten binnen voor bereikbaarheid van KPN nummers, dank!|
|neutral|,|@yovihendiarto we kpn mak? Hahaha|
|neutral|,|@TheAlmightyTimo Geen ziggo warrior pakket zie ik?|
|neutral|,|@bugblauw Ik wil je aanraden je modem te herstarten, zie hier meer info: https://t.co/o2LuOANNUS Werkt dit? Laat het me weten! ^LP|
|neutral|,|@sboerrigter @Coolblue_NL @tmobile @37signals Zolang je er veel medewerkers op zet kan je dat ook behouden|
|negative|,|@Ymirko .@Hi is van @KPN toch? #breekmedebeknietopen |
|neutral|,|@tmobile_webcare Tnx. AMP is al langsgeweest. Kan ik nu langs T-Mobile shop voor de annulering? Ps. zeker n crazy deal van studentmobiel :-)|
|neutral|,|Vacature: parttime callcentermedewerker Telfort Glasvezel Breda (M/V): Voor Telfort Glasvezel in Breda zijn wi... http://t.co/0ORSoNQ5B1|
|neutral|,|Bekijk het resultaat van mijn Ookla Speedtest. Hoe snel is uw internet? http://t.co/9Yj26IIWCe @UPC perfect|
|negative|,|ziggo kan beter gwn opflikkr met hun "wifi"|
|neutral|,|@casscassievers kpn opfoll?|
|neutral|,|@Tele2Webcare word vandaag gebeld vr nieuwe afspraak. Helaas nog langer wachten op tv en internet. Wel vergoeding tegemoed van tele2 1/2|
|neutral|,|@KPNwebcare ik wil een nieuw abonnement afsluiten en vraag mij af waarom er een groot prijsverschil tussen kpn en telfort  zit.|
|negative|,|Alleen ned1 beeld: ---Citaat (oorspronkelijk  geplaatst door jojootje)---  Meer ellende met je Samsung... http://t.co/wWZhgzUVQl #Ziggo|
|neutral|,|tv-app met Galaxy Tab 3 10.1: Ik heb sinds gisteren een Tab 3. Prima tablet, maar de tv-app geeft een s... http://t.co/aYJgHGRKOb #Ziggo|
|neutral|,|sim-only 300 minuten + 500 MB vanaf  15.00  #Telfort http://t.co/hQ8vmGvMLi|
|neutral|,|T-Mobile selfserviceforum helpt 400.000 klanten per maand: Op het forum van Telecombedrijf T-Mobile worden maa... http://t.co/7CHzHNpK1Q|
|neutral|,|T-Mobile selfserviceforum helpt 400.000 klanten per maand: Op het forum van Telecombedrijf T-Mobile worden maa... http://t.co/QF7cWu892k|
|neutral|,|Sony Ericsson XperiaX10 mini + T-Mobile Flex Zakelijk Flex 30 (240) Beltegoed maar liefst 12 maanden houdbaar!  http://t.co/SoUN6RzTPj|
|neutral|,|10 keer het #BesteStukje uit een hele rits memorabele films en series http://t.co/PW7FFGoEoK via @upcoming|
|neutral|,|sim-only 1000 minuten + 1000 MB vanaf  46.00  #Telfort http://t.co/kEu1j8HXkw|
|neutral|,|@andrewarnaar @KPNwebcare Het is een onafhankelijk &amp;representatief onderzoek. KPN is gedaald in de totale ranking maar blijt op 1 in telecom|
|negative|,|Is er al iets te zeggen over een internetstoring in #elst? @Telfort|
|neutral|,|tv-app met Galaxy Tab 3 10.1 #ziggo http://t.co/CiIejVq2zs Ik heb sinds gisteren een Tab 3. Prima tablet, maar de tv-app geeft een sle...|
|neutral|,|@ticje75 @KPNwebcare Het is een onafhankelijk &amp; representatief onderzoek. KPN is gedaald in de totale ranking maar blijt op 1 in telecom|
|neutral|,|@ejvandermeulen Het is een onafhankelijk &amp; representatief onderzoek. KPN is gedaald in de totale ranking maar blijt op 1 in telecom|
|neutral|,|#vacature #marketing Helpdesk Representative bij UPC Business: FR-Leeuwarden, Vacature: Help... http://t.co/87xegziAv5 #banen #friesland|
|negative|,|RT @jacob_vries: Eindelijk,hoorzitting ivm bereikbaarheid in de grensstreek met #112 @KPN @vodafone @TMobile @Ben Dus @LodewijkA @APechtold|
|negative|,|Ik probeer mijn abbenoment te wijzigen maar wordt compleet genegeerd, dankje T-mobile! @TMobile  #tmobilenl|
|negative|,|@MD_Webcare ik hoop dat die issues met #Ziggo snel zijn opgelost heb weer wat geleerd vandaag, bedankt!|
|negative|,|Zeg, Ziggo, zouden jullie op willen houden met die verrekte overstapweken-commercials? Dank.|
|negative|,|Die #huhserieusmeenjedatnouhouusop reclame van #Ziggo begint me een beetje de keel uit te hangen. Tijd voor iets nieuws!|
|neutral|,|sim-only 500 + SMS Onbeperkt + Data XX-Large vanaf  35.50  #Tele2 http://t.co/kEu1j8HXkw|
|neutral|,|@ZiggoWebcare We willen graag wifi spot uit zetten, wonnen op de 12 etage, en maken er geen gebruik van. Helaas lukt het niet via ziggo.nl|
|neutral|,|Samsung Wave 533 S5330 + KPN Bel - SMS 200 (200 minuten of 200 sms)  http://t.co/uEip1SKTIS|
|neutral|,|Het aandeel Koninklijke KPN is momenteel de grootste stijger op de #AEX met 3.99%. Lees meer op http://t.co/z9kfmqXsRR|
|neutral|,|RT @FRMarketingjobs: #vacature #marketing Helpdesk Representative bij UPC Business: FR-Leeuwarden, Vacature: Help... http://t.co/87xegziAv5|
|neutral|,|RT @FRMarketingjobs: #vacature #marketing Helpdesk Representative bij UPC Business: FR-Leeuwarden, Vacature: Help... http://t.co/87xegziAv5|
|neutral|,|RT @FRMarketingjobs: #vacature #marketing Helpdesk Representative bij UPC Business: FR-Leeuwarden, Vacature: Help... http://t.co/87xegziAv5|
|neutral|,|RT @concerten: De VVK voor #Stromae in het Ziggo Dome (Extra Concert) start nu: http://t.co/YNvkVOUdle|
|negative|,|hahaha..een Tmobile adviseur met een grote mond...#fail #tmobile : Nicole (Verkoopadviseur): Wat is daar nou zo moeilijk aan.|
|neutral|,|#KPN heeft met een koers van 2,7590 een nieuw 50 daags hoogtepunt bereikt. http://t.co/gB3fmLovQz #beurs|
|neutral|,|#KPN heeft met een koers van 2,7590 een nieuw 50 daags hoogtepunt bereikt. #beurs|
|neutral|,|#KPN heeft op vrijdag 6 juni 2014 15:59 het 2e weerstandniveau opwaarts doorboken. http://t.co/lKNqrbbrMQ #beurs|
|neutral|,|#KPN heeft op vrijdag 6 juni 2014 15:59 het 2e weerstandniveau opwaarts doorboken. #beurs|
|neutral|,|Kijken of dit jaar het bereik op Pinkpop van t-mobile beter is als vorigjaar!!! #tmobile #bereik #pinkpop #pp14|
|neutral|,|@MLB @TMobile challenger|
|negative|,|@ThaGiggalo @ZiggoWebcare ben jij medeerker van ziggo dan. Willlen gewoon teveel betaalde terug|
|positive|,|Wat een positieve vibe tijdens de training @KPN en een fantastisch resultaat! #sales|
|neutral|,|Beyonce Live @ Ziggo Dome - Amsterdam - Holland - 18-03-20|
|neutral|,|@UPC geen effect, stroom er een tijdje afgehaald helpt ook niet|
|negative|,|@TMobile_NL Is er #storing in de omgeving van Zwolle? De hele dag al geen bereik! #fail #tmobile|
|neutral|,|@romysegijn  Zou je over 5 minuten nog eens in Mijn Ziggo kunnen kijken? ;) Groet, ^BM|
|neutral|,|sim-only 100 + SMS Onbeperkt + Data X-Large vanaf  20.50  #Tele2 http://t.co/ogHnI3TTQf|
|neutral|,|Over uurtje naar de ziggo dome |
|negative|,|Stap nooit over naar tele2 dramaties|
|neutral|,|@vpiersma @UPC  1700 uur kan #JIMJAM weer aan. http://t.co/r1WpcB1av1|
|neutral|,|Supersnel internet? Nu tot 200Mb download bij UPC Business. Kies de snelheid die bij u past! Kijk op: http://t.co/XewaBYGWMP|
|neutral|,|sim-only 400 minuten + 100 SMS + 1500 MB (blackberry) vanaf  35.50  #Telfort http://t.co/hQ8vmGvMLi|
|positive|,|@ErikFonteijn @UPC dankjewel @ErikFonteijn  misschien is het een idee om bij @UPC  te gaan werken bedankt voor de informatie #fijnedag|
|neutral|,|Werknemers UPC en Ziggo krijgen nieuwe cao http://t.co/4H7a6k6nx4|
|neutral|,|sim-only 150 minuten + 1000 SMS + 500 MB vanaf  23.00  #Telfort http://t.co/eiLlmD0zPT|
|neutral|,|sim-only 1000 minuten + 1000 SMS + 500 MB + internet versneller (blackberry) vanaf  54.00  #Telfort http://t.co/LbJU8AOlZB|
|neutral|,|@markversteden Wij willen helpen. Wij zijn echter T-Mobile USA. U zult willen bereiken @TMobile_NL voor hulp. ^LM|
|neutral|,|@Studentmobiel Ik kom graag naar jullie :D eerst mijn net afgesloten abo bij T-Mobile annuleren. Heb jullie Mandy al aan de lijn gehad|
|negative|,|Hallo @Telfort waarom negeren jullie mij? Ik ben klant. Of is dat een vies woord? Ik heb een vraag. Al meer dan 2 dagen... Joehoe!|
|neutral|,|#economischnieuws Werknemers UPC en Ziggo krijgen nieuwe cao http://t.co/UneZEeTAEP|
|negative|,|@tmobile_webcare weer afgekeurd. Maar t-mobile zegt nu: "Er is sprake geweest van een technisch mankement. Je nummerbehoud wordt door|
|neutral|,|@juliespoint Hoi Julie,via welk netwerk zie je dit?vodafone e O2 bieden geen data-roaming aan,probeer eens via Tmobile of Orange? *NT|
|neutral|,|@ZiggoWebcare  is al gebeld met ziggo bedankt !|
|neutral|,|RT @TMobileHelp: @markversteden Wij willen helpen. Wij zijn echter T-Mobile USA. U zult willen bereiken @TMobile_NL voor hulp. ^LM|
|neutral|,|Werknemers UPC en Ziggo krijgen nieuwe cao Het personeel van UPC, Ziggo en Kabelnoord krijgt een nieuwe cao, met d http://t.co/3XmXeTe8zU|
|neutral|,|Werknemers UPC en Ziggo krijgen nieuwe cao Het personeel van UPC, Ziggo en Kabelnoord krijgt een nieuwe cao, met d http://t.co/WhycDJFpKS|
|neutral|,|#nieuw #vacature: Technisch Beheerder Security Platformen / Den Haag / KPN #WST #junior http://t.co/tLDLPuLd8N|
|negative|,|@ZiggoWebcare dit bedrijf is het meest onbeschofte bedrijf dat ik ooit mee gemaakt heb.Retweet als je tegen #ZIGGO bent|
|negative|,|@ZiggoWebcare Ziggo zou bij wet verboden moeten worden in Nederland te mogen opereren met zo'n waardeloze klantenservice|
|neutral|,|KPN Vandaag http://t.co/tOGtz2nncE "12 jaar geleden hebben we tijdens onze cursus 2 poppen gebroken verkeerd gereanimeerd?? :-(|
|neutral|,|Werknemers UPC en Ziggo krijgen nieuwe cao: http://t.co/Eei9MiedYq|
|neutral|,|Werknemers UPC en Ziggo krijgen nieuwe cao http://t.co/lmVUygCBVU #nederland #info #economieinfo|
|negative|,|@MD_Webcare ja ik had het gelezen, twijfel al Langer aan #ziggo en passive #ftp nu bevestigen jullie het! Vervelend werken zo|
|negative|,|@PJHalma dan zal je vast goed geholpen zijn ;)  Wij horen graag van je nadat het abonnement is geannuleerd (ook uit het t-mobile systeem)|
|neutral|,|Werknemers UPC en Ziggo krijgen nieuwe cao - http://t.co/KrHnTD1IYN -  - #Economie #LaatsteNieuws|
|neutral|,|Werknemers UPC en Ziggo krijgen nieuwe cao http://t.co/k9Y72NjmJD via @NUnl|
|neutral|,|sim-only 1000 minuten + 1000 MB + internet versneller vanaf  48.00  #Telfort http://t.co/hQ8vmGvMLi|
|neutral|,|sim-only 500 minuten + 1500 MB + internet versneller vanaf  38.00  #Telfort http://t.co/kEu1j8HXkw|
|negative|,|Ca 2 week later is het nog steeds stil @Telfort ...|
|neutral|,|RT @FlorenceSchmit: Gefeliciteerd KPN! Favoriete werkgever in de categorie telecom #IAE14 http://t.co/pPX0zuIyYW|
|positive|,|Eindelijk van upc af welkom kpn!!|
|neutral|,|sim-only 500 minuten + 100 SMS + 1500 MB + internet versneller (blackberry) vanaf  44.50  #Telfort http://t.co/MGYszMnwyg|
|neutral|,|Werknemers UPC en Ziggo krijgen nieuwe cao http://t.co/E7PoVLL4It|
|neutral|,|#Vacature Parttime verkoper bij de Telfort winkel in Helmond in #Helmond - Telfort winkel #Parttime #MBO Zie: http://t.co/gWjm6ezqUi|
|neutral|,|@eric_alan_smith Staat jouw alias wel ingesteld als tweede Ziggo account in de webmail?^BM|
|neutral|,|@Petervanrensch KPN richt zich op een andere doelgroep. Telfort is een prijsvechter die kiest voor goed en goedkoop.|
|neutral|,|sim-only 1000 minuten + 1500 MB (blackberry) vanaf  56.00  #Telfort http://t.co/LbJU8AOlZB|
|neutral|,|@andyeye77 @SBS6 lijkt wel #telfort reclame : van andy op de bank naar andy op de tank|
|neutral|,|@hyukxx95 @TAEMllN :") sjk kpn?|
|neutral|,|Voor de Ziggo gebruikers met verbindingsproblematiek, we zijn samen met Ziggo bezig naar de oorzaak te zoeken. Zie de retweet. ^D|
|positive|,|Eindelijk... De upc monteur is er :)|
|neutral|,|Werknemers UPC en Ziggo krijgen nieuwe cao  #economie #geld|
|neutral|,|Werknemers UPC en Ziggo krijgen nieuwe cao: Het personeel van UPC, Ziggo en Kabelnoord krijgt een nieuwe cao, ... http://t.co/ZHNu1MkDwn|
|neutral|,|Werknemers UPC en Ziggo krijgen nieuwe cao: Het personeel van UPC, Ziggo en Kabelnoord krijgt een nieuwe cao, ... http://t.co/WSrSfuklrU|
|negative|,|Storing UPC. Geen telefoon en internet. Barendrecht.|
|neutral|,|Mogelijk toch UPC diensten op Landgoed de Stille Wille http://t.co/nUMveu8L4Q|
|neutral|,|Werknemers UPC en Ziggo krijgen nieuwe cao #newslocker http://t.co/zbyVnHTCZD|
|positive|,|Lekker omw work ziggo dome @borsato  zijn laatste show|
|negative|,|Nou! UPC storing, alles plat gggrrr lekker dan.|
|positive|,|Thanks to de Mediamarkt en Tele2 voor de vlugge service om mijn internetverbinding weer te fixen :)|
|neutral|,|@UPC heb ik ook gedaan hielp ook niet , nieuw signaal sturen ?|
|negative|,|Heb nu al problemen met mobiele #pin #kpn Hoe moet dat straks in de #oerol ??#fail|
|positive|,|Wat een geweldige verrassing! Danny Damman, directeur Ziggo Dome liet me vandaag een prachtige http://t.co/O5Z3h6DRpy|
|negative|,|Tjonge, binnenkort poging 4 van #kpn om kabel aan te sluiten. Dankzij ervaringen van @olgaleever lieten wij ons oude contract wel doorlopen!|
|neutral|,|Het personeel van UPC, Ziggo en Kabelnoord krijgt een nieuwe cao, met daarin een loonsverhoging van 4,5 procent, http://t.co/emj5D7KQgC|
|positive|,|RT @borsato: Wat een geweldige verrassing! Danny Damman, directeur Ziggo Dome liet me vandaag een prachtige http://t.co/O5Z3h6DRpy|
|neutral|,|#nieuw #vacature: Technical Consultant / Groningen / KPN #techniek #TCH http://t.co/i5smFolOYR|
|negative|,|@Telfort Sinds update Nexus 5 naar 4.4.3 gisteren geen mobiel internet meer. Al een oplossing?|
|positive|,|@UPC ja hij doet het dank jewel en een prettig weekend|
|neutral|,|RT @DeITshop: Mogelijk toch UPC diensten op Landgoed de Stille Wille http://t.co/nUMveu8L4Q|
|neutral|,|@dorihans Staat de storing niet op de volgende pagina? http://t.co/Yr9coJe3oL - Dan ontvangen we graag jouw klantnr &amp; adres via een DM. ^JL|
|neutral|,|sim-only 500 + SMS Onbeperkt vanaf  19.00  #Tele2 http://t.co/LbJU8AOlZB|
|neutral|,|@Telfort Ik snap dat HD optioneel is, maar ALS je ze dan kan ontvangen, waarom dan niet automatisch op de "goede plek"? Lukt anderen wel!|
|positive|,|RT @borsato: Wat een geweldige verrassing! Danny Damman, directeur Ziggo Dome liet me vandaag een prachtige http://t.co/O5Z3h6DRpy|
|positive|,|@upc Dat verklaart een hoop. Bedankt voor het uitzoeken. :)|
|neutral|,|[NU Geld] Werknemers UPC en Ziggo krijgen nieuwe cao - http://t.co/CcKp8fm3ws #nieuws #geld|
|positive|,|RT @borsato: Wat een geweldige verrassing! Danny Damman, directeur Ziggo Dome liet me vandaag een prachtige http://t.co/O5Z3h6DRpy|
|neutral|,|sim-only 700 + SMS Onbeperkt + Data Small vanaf  32.00  #Tele2 http://t.co/hQ8vmGvMLi|
|neutral|,|Werknemers UPC en Ziggo krijgen nieuwe cao: Het personeel van UPC, Ziggo en Kabelnoord krijgt een nieuwe cao, ... http://t.co/zWFHxdBv5g|
|positive|,|RT @borsato: Wat een geweldige verrassing! Danny Damman, directeur Ziggo Dome liet me vandaag een prachtige http://t.co/O5Z3h6DRpy|
|negative|,|Vooralsnog geen glasvezel in onze wijk, KPN wil niet. En dat levert al de eerste buren op die hun KPN-adsl abonnement niet verlengen.|
|neutral|,|Hoi, is iemand van jullie vorig jaar naar Heineken Starclub geweest in de Ziggo? Hoe was dat?|
|negative|,|Tele2 jullie zijn echt een stelletje honden mvg xxxxxxxxx|
|positive|,|Proficiat!"@borsato: Wat een geweldige verrassing! Danny Damman, directeur Ziggo Dome liet me vandaag een prachtige http://t.co/koQTva8aK2"|
|neutral|,|RT @SWesdorp: Werknemers UPC en Ziggo krijgen nieuwe cao http://t.co/k9Y72NjmJD via @NUnl|
|negative|,|Ook on Diemen #upc #storing alles ligt er uit |
|neutral|,|@vodafoneNL Buiten. KPN geen probleem.|
|neutral|,|sim-only 0 minuten + 1000 SMS + 500 MB + internet versneller (blackberry) vanaf  24.00  #Telfort http://t.co/5gpjO1mkpL|
|neutral|,|#Vacature Verkoper KPN Nijmegen in #Nijmegen - KPN winkel Nijmegen #Parttime #MBO Zie: http://t.co/T181fQ6u7L|
|neutral|,|IK HEB KAARTEN VOOR KATY PERRY 9 MAART IN T ZIGGO DOME!!  @katyperry|
|neutral|,|Krijg 1 gratis CashCoin bij Tele2 via NuCash. Spaar gratis CashCoins op meer dan 10 manieren. http://t.co/TLE3eYS5A7|
|neutral|,|Ben Verwaayen oud-ceo van BT, KPN en Alcatel-Lucent, heeft weinig op met de managementstijl van Louis van Gaal. http://t.co/zMHwBnBEE6 #FD|
|negative|,|Helaas zijn er storingen bij Ziggo Zakelijk waardoor er problemen zijn met de verbindingen: http://t.co/t7oAtz5qbU|
|negative|,|Helaas zijn er storingen bij Ziggo Zakelijk waardoor er problemen zijn met de verbindingen: http://t.co/Wv1O0Sw5ul|
|negative|,|Helaas zijn er storingen bij Ziggo Zakelijk waardoor er problemen zijn met de verbindingen: http://t.co/HKYK4h5mRo http://t.co/MBbyiYCVMf|
|neutral|,|@KPNwebcare idee wat het anders kan zijn. Wel zie ik dat mijn snelheid weer up to date is dus reset van kpn heeft daar wel effect gehad 2/2|
|neutral|,|sim-only 150 minuten + 500 MB (blackberry) vanaf  21.00  #Telfort http://t.co/hQ8vmGvMLi|
|negative|,|Heerlijk, onderzoek doen naar incassobureaus. Dat van @KPN overtreedt structureel de wet door GBA te raadplegen en spookfacturen te sturen.|
|negative|,|En als ik bij t incassobureau v @KPN gegevens opvraag over n clint die me daarvoor niet gemachtigd heeft, krijg ik ze probleemloos gemaild.|
